{
  "ANN_Train": {
    "R2": 0.998654,
    "RMSE": 0.640139,
    "MAE": 0.477505,
    "MSE": 0.409778,
    "MAPE": 1.1212
  },
  "ANN_Test": {
    "R2": 0.998647,
    "RMSE": 0.610555,
    "MAE": 0.480373,
    "MSE": 0.372777,
    "MAPE": 1.1899
  },
  "GEP_Train": {
    "R2": 0.989091,
    "RMSE": 1.822387,
    "MAE": 1.390366,
    "MSE": 3.321096,
    "MAPE": 3.3141
  },
  "GEP_Test": {
    "R2": 0.985897,
    "RMSE": 1.971007,
    "MAE": 1.57161,
    "MSE": 3.884867,
    "MAPE": 3.8018
  }
}